{"cameraMode":{"drawMode":0,"name":"Shaded","section":"Shading Mode"},"sceneLighting":true,"audioPlay":false,"sceneViewState":{"showFog":true,"showMaterialUpdate":false,"showSkybox":true,"showFlares":true,"showImageEffects":true,"showParticleSystems":true},"in2DMode":false,"pivot":{"x":-57.87441635131836,"y":10.923816680908204,"z":29.92250633239746},"rotation":{"x":-0.08266371488571167,"y":-0.7320407032966614,"z":0.6701741218566895,"w":-0.09027659893035889},"size":27.01183319091797,"orthographic":false}